index:1,picture:Picture/dog_1.jpg
index:1,picture:Picture/dog_2.jpg
index:1,picture:Picture/dog_3.jpg
index:1,picture:Picture/dog_4.jpg
index:1,picture:Picture/dog_5.jpg
index:1,picture:Picture/dog_6.jpg
index:1,picture:Picture/dog_7.jpg
index:1,picture:Picture/dog_8.jpg
index:1,picture:Picture/dog_9.jpg
index:1,picture:Picture/dog_10.jpg
index:1,picture:Picture/dog_11.jpg
index:1,picture:Picture/dog_12.jpg
index:1,picture:Picture/dog_13.jpg
index:1,picture:Picture/dog_14.jpg
index:1,picture:Picture/dog_15.jpg
index:1,picture:Picture/dog_16.jpg
index:1,picture:Picture/dog_17.jpg
index:1,picture:Picture/dog_18.jpg
index:1,picture:Picture/dog_19.jpg
index:1,picture:Picture/dog_20.jpg
index:1,picture:Picture/dog_21.jpg
index:1,picture:Picture/dog_22.jpg
index:1,picture:Picture/dog_23.jpg
index:1,picture:Picture/dog_24.jpg
index:1,picture:Picture/dog_25.jpg
index:1,picture:Picture/dog_26.jpg
index:1,picture:Picture/dog_27.jpg
index:1,picture:Picture/dog_28.jpg
index:1,picture:Picture/dog_29.jpg
index:1,picture:Picture/dog_30.jpg


index:2,picture:Picture/cat_1.jpg
index:2,picture:Picture/cat_2.jpg
index:2,picture:Picture/cat_3.jpg

